<?xml version="1.0" encoding="UTF-8" standalone="yes"?>
<addon 
    id="plugin.video.gamekings"
    name="[COLOR orange]Ghost[/COLOR] GameKings"
    version="5.0.0"
    provider-name="Skipmode A1">
  <requires>
    <import addon="xbmc.python"                     version="3.0.0"/>
    <import addon="script.module.beautifulsoup4"    version="4.3.2"/>
    <import addon="script.module.requests"          version="2.4.3"/>
    <import addon="script.module.future"            version="0.0.1"/>
    <import addon="script.module.html5lib"          version="0.999.0"/>
    <import addon="plugin.video.youtube" 		    version="5.1.7" />
  </requires>
  <extension point="xbmc.python.pluginsource" 	library="addon.py">
    <provides>video</provides>
  </extension>
  <extension point="xbmc.addon.metadata">
    <summary lang="nl_NL">Bekijk videos van Gamekings.tv (dutch)</summary>
      <description lang="nl_NL">Bekijk videos van Gamekings.tv (dutch)</description>
      <disclaimer lang="nl_NL">Bugs of andere feedback op deze plugin kan geplaatst worden in de Gamekings.tv thread op het Kodi forum.</disclaimer>
    <language>nl</language>
    <platform>all</platform>
	<license>GPL-2.0-or-later</license>
    <forum>https://forum.kodi.tv/showthread.php?tid=161375</forum>
    <website>https://www.gamekings.tv</website>
    <source>https://github.com/skipmodea1/plugin.video.gamekings.python3</source>
    <news>v1.2.19 (2020-11-10)
    - fixed premium videos after a website change
    </news>
    <assets>
      <icon>resources/icon.png</icon>
      <fanart>resources/fanart.jpg</fanart>
    </assets>
  </extension>
</addon>