<?xml version="1.0" encoding="UTF-8" standalone="yes"?>
<addon id="plugin.video.uzg" name="[COLOR orange]Ghost[/COLOR] NPO Start" provider-name="The Ghost, Bas Magré" version="1.0.0">
  <requires>
    <!-- <import addon="xbmc.python" version="2.25.0" /> -->
    <import addon="script.module.inputstreamhelper" version="0.5.2" />
    <import addon="script.common.plugin.cache" version="2.6.1"/>
  </requires>
  <extension library="addon.py" point="xbmc.python.pluginsource">
<provides>audio video</provides>
  </extension>
  <extension point="xbmc.addon.metadata">
    <language>nl</language>
    <platform>all</platform>
    <summary lang="en_GB">NPO Start - Bekijk gratis videos van NPO Start en luister naar de verschillende radio streams (Werkt alleen met nederlands ip-adres)</summary>
    <description lang="en_GB">NPO Start, videos van NED1 / NED2 / NED3 en luister naar de verschillende radio streams(Werkt alleen met nederlands ip-adres, dus indien in buitenland VPN gebruiken.)</description>
    <disclaimer lang="en_GB">Deze addon bevat geen illegale content en maakt op geen enkele wijze deel uit van Kodi zelf.</disclaimer>
     <license>GPL-2.0-only</license>
    <assets>
            <icon>icon.png</icon>
            <fanart>fanart.jpg</fanart>
    </assets>
  </extension>
</addon>
