﻿<?xml version="1.0" encoding="UTF-8" standalone="yes"?>
<addon id="plugin.ghostclose.kodi" name="[COLOR orange]Ghost[/COLOR] Kodi afsluiten[/COLOR] " version="1.0.0" provider-name="The Ghost, Based_Skid">
  <requires>
  </requires>
  <extension point="xbmc.python.pluginsource" library="default.py">
        <provides>executable</provides>
  </extension>
  <extension point="xbmc.addon.metadata">
		<summary lang="en_GB">Kodi geforceerd afluiten</summary>
		<description lang="en_GB">Kodi geforceerd afluiten</description>
		<disclaimer lang="en_GB">Deze addon bevat geen content en maakt op geen enkele wijze deel uit van Kodi zelf.</disclaimer>
		<platform>all</platform>
		<license>GPL-2.0-or-later</license>
		<assets>
				<icon>icon.png</icon>
				<fanart>fanart.png</fanart>
		</assets>
	</extension>
</addon>