<?xml version="1.0" encoding="UTF-8" standalone="yes"?>
<addon id="repository.theghost" name="[COLOR orange]The Ghost[/COLOR] Repository" version="2.0.1" provider-name="The Ghost">
    <extension point="xbmc.addon.repository" name="Repository The Ghost">
		<dir>
            <info compressed="false">https://raw.githubusercontent.com/freaktabnl/repository.theghost/master/zips/addons.xml</info>
            <checksum>https://raw.githubusercontent.com/freaktabnl/repository.theghost/master/zips/addons.xml.md5</checksum>
            <datadir zip="true">https://raw.githubusercontent.com/freaktabnl/repository.theghost/master/zips/</datadir>
        </dir>
		<dir>
    <info compressed="false">https://raw.githubusercontent.com/jsergio123/zips/master/addons.xml</info>
    <checksum>https://raw.githubusercontent.com/jsergio123/zips/master/addons.xml.md5</checksum>
    <datadir zip="true">https://raw.githubusercontent.com/jsergio123/zips/master/</datadir>
		</dir>
    </extension>
    <extension point="xbmc.addon.metadata">
        <summary>Repository The Ghost</summary>
        <description>Deze repository maakt geen deel uit van uw Kodi systeem maar met onze addons wordt het u weer een stuk makkelijker gemaakt</description>
        <disclaimer>Deze repository maakt geen deel uit van uw Kodi systeem.</disclaimer>
        <platform>all</platform>
		<license>GPL-2.0-or-later</license>
        <assets>
            <icon>icon.png</icon>
            <fanart>fanart.jpg</fanart>
        </assets>
    </extension>
</addon>