<?xml version="1.0" encoding="UTF-8" standalone="yes"?>
<addon id="service.ghostautosubs"    name="[COLOR orange]Ghost[/COLOR] Autosubs" version="1.0.0" provider-name="The Ghost">
  <requires>
    <import addon="xbmc.python" version="3.0.0"/>
  </requires>
  <extension point="xbmc.service" library="default.py" />
  <extension point="xbmc.addon.metadata">
    <summary lang="en_GB">Zoekt automatisch de de gewenste ondertitels.</summary>
    <description lang="en_GB">Zoekt automatisch de gewenste ondertitels in uw taal, welke u vervolgens kunt selecteren. Met dank aan de originele ontwikkelaars.</description>
	<disclaimer lang="en_GB">Deze addon bevat geen content en maakt op geen enkele wijze deel uit van Kodi zelf.</disclaimer>
    <platform>all</platform>
    <license>GPL-2.0-or-later</license>
    <assets>
    <icon>icon.png</icon>
    <fanart>fanart.jpg</fanart>
    </assets>
  </extension>
</addon>
