<?xml version="1.0" encoding="UTF-8"?>
    <builds>
    	
		<build name = "KODI CLEAN">
            <version>1.1</version>
            <url>https://ghostproject.nl/KODI19CLEAN.zip</url>
            <icon>https://ghostproject.nl/kodiclean.png</icon>
            <fanart></fanart>
            <description>CLEAN KODI 19 BUILD WITHOUT ANY ILLEGAL ADDONS. INSIDE KODI ALL SETTINGS ARE ALREADY OPTIMISED AND WE HAVE INSTALLED > SUBTITLE ADDON / CLEANER ADDON / WIZARD ADDON AND MANY MORE IMPORTANT DEPENDENCY AND SERVICE ADDONS</description>
        </build>

        <build name = "AMBER">
            <version>1.1</version>
            <url>https://ghostproject.nl/KODI19AMBER.zip</url>
            <icon>https://ghostproject.nl/amber19.png</icon>
            <fanart></fanart>
            <description>KODI 19 BUILD WITH MOST POPULAIR ADDONS IN AMBER SKIN. INSIDE KODI ALL SETTINGS ARE ALREADY OPTIMISED AND WE HAVE INSTALLED > SUBTITLE ADDON / CLEANER ADDON / WIZARD ADDON. JUST ACTIVATE YOUR RD/PREM/AD ACCOUNT</description>
        </build>
        
        <build name = "WASTELAND">
            <version>1.1</version>
            <url>https://ghostproject.nl/WASTELAND19.zip</url>
            <icon>https://ghostproject.nl/wasteland.png</icon>
            <fanart></fanart>
            <description>KODI 19 BUILD ON AEON NOX SKIN. INSIDE KODI ALL SETTINGS ARE ALREADY OPTIMISED AND WE HAVE INSTALLED > SUBTITLE ADDON / CLEANER ADDON / WIZARD ADDON.  JUST ACTIVATE YOUR RD/PREM/AD ACCOUNT</description>
        </build>
        
    </builds>