<?xml version="1.0" encoding="UTF-8" standalone="yes"?>
<addon id="plugin.video.ghostplaylistloader" name="[COLOR orange]Ghost[/COLOR] Playlist Loader" version="1.0.1" provider-name="Yhe Ghost">
  <requires>
    <import addon="xbmc.python" version="3.0.0"/>
    <import addon="script.module.requests" version="2.22.0"/>
  </requires>
  <extension point="xbmc.python.pluginsource" library="default.py">
    <provides>video</provides>
  </extension>
  <extension point="xbmc.addon.metadata">
    <summary lang="en_GB">The Ghost Playlist Loader</summary>
    <description lang="en_GB">Addon om uw M3U lijsten op een gemakkelijke manier toe te voegen binnen Kodi 19 Matrix.</description>
	<disclaimer lang="en_GB">Deze addon bevat geen illegale content en maakt op geen enkele wijze deel uit van Kodi zelf.</disclaimer>
    <language>en</language>
    <platform>all</platform>
    <assets>
    <icon>icon.png</icon>
    <fanart>fanart.jpg</fanart>
  </assets>
  </extension>
</addon>
