<?xml version="1.0" encoding="utf-8" standalone="yes"?>
<addon id="service.ghostautosubs" name="[COLOR orange]Ghost[/COLOR] Autosubs" version="1.0.1" provider-name="The Ghost, DenimNani">

  <extension point="xbmc.service" library="monitor.py" start="login"/>
  <extension point="xbmc.addon.metadata">
    <summary lang="en_GB">Zoekt automatisch de de gewenste ondertitels in uw taal.</summary>
    <description lang="en_GB">Zoekt automatisch de gewenste ondertitels in uw taal, welke u vervolgens kunt selecteren. Met dank aan de originele ontwikkelaars.</description>
	<disclaimer lang="en_GB">Deze addon bevat geen content en maakt op geen enkele wijze deel uit van Kodi zelf.</disclaimer>
    <platform>all</platform>
    <license>GPL-2.0-or-later</license>
    <assets>
    <icon>icon.png</icon>
    <fanart>fanart.jpg</fanart>
    </assets>
  </extension>
</addon>