<?xml version="1.0" encoding="UTF-8" standalone="yes"?>
<addon id="plugin.video.ghostadult" name="[COLOR orange]Ghost[/COLOR] Adult" version="1.0.1" provider-name="The Ghost, Vashiel">
	<requires>
	<!-- <import addon="xbmc.python" version="2.14.0"/> -->
	<import addon="script.module.six"/>
	<import addon="script.module.kodi-six"/>
	</requires>
	<extension	point="xbmc.python.pluginsource"
				library="default.py">
				<provides>video</provides>
	</extension>
	<extension point="xbmc.addon.metadata">
		<summary>[COLOR red]XXX[/COLOR] content alleen voor 18+</summary>
		<description lang="nl_NL">[COLOR red]XXX 18+ video[COLOR white] streams.[COLOR red][B] LET OP:[/B][COLOR red] Alleen voor 18+[/COLOR]</description>
	<disclaimer lang="nl_NL">Deze addon maakt op geen enkele wijze deel uit van Kodi zelf en is alleen voor 18+.</disclaimer>
		<platform>all</platform>
    <license>GPL-2.0-or-later</license>
		<assets>
			<icon>resources/icon.png</icon>
			<fanart>resources/fanart.jpg</fanart>
		</assets>
	</extension>
</addon>
