<?xml version="1.0" encoding="UTF-8" standalone="yes"?>
<addon
	id="plugin.video.uitzendinggemistnet"
	name="[COLOR orange]Ghost[/COLOR] Uitzendinggemistnet"
	version="5.0.0"
	provider-name="Skipmode A1">
  <requires>
    <import addon="xbmc.python"                     version="3.0.0"/>
	<import addon="script.module.beautifulsoup4"    version="4.3.2"/>
    <import addon="script.module.requests"          version="2.4.3"/>
    <import addon="script.module.future"            version="0.0.1"/>
  	<import addon="script.module.html5lib"          version="0.999.0"/>
	<import addon="script.module.youtube.dl"        version="0.0.1"/>
  </requires>
  <extension point="xbmc.python.pluginsource" 	library="addon.py">
    <provides>video</provides>
  </extension>
  <extension point="xbmc.addon.metadata">
	<summary lang="nl_NL">Bekijk nederlandse TV uitzendingen van de afgelopen 2 weken avn RTL 4/5/7/8</summary>
	<description lang="nl_NL">Bekijk nederlandse TV uitzendingen van de afgelopen 2 weken van RTL 4/5/7/8. Alle andere kunt u vinden in de addon Retrospect.</description>
	<disclaimer lang="nl_NL">Bugs of andere feedback op deze plugin kan geplaatst worden in de uitzendinggemistnet thread op het Kodi forum.</disclaimer>
    <language>nl</language>
    <platform>all</platform>
	<license>GPL-2.0-or-later</license>
    <forum>http://forum.xbmc.org/showthread.php?tid=xxxxxx</forum>
    <website>http://uitzendinggemist.net</website>
    <source>https://github.com/skipmodea1/plugin.video.uitzendinggemistnet.python3</source>
    <assets>
      <icon>resources/icon.png</icon>
      <fanart>resources/fanart.jpg</fanart>
    </assets>
  </extension>
</addon>