<?xml version="1.0" encoding="UTF-8" standalone="yes"?>
<addon id="plugin.program.ghostcleaner" name="[COLOR orange]Ghost[/COLOR] Cleaner" version="1.0.1" provider-name="The Ghost">
  <requires>
    <import addon="xbmc.python" version="3.0.0"/>
  </requires>
  <extension library="clean.py" point="xbmc.python.pluginsource">
        <provides>executable</provides>
  </extension>
  <extension library="starter.py" point="xbmc.service" start="startup"> 
        <provides>executable</provides>
  </extension>
  <extension point="xbmc.addon.metadata">
    <platform>all</platform>
    <summary lang="en_GB">Tool om uw Kodi 19 Matrix systeem schoon te houden</summary>
    <description>Tool om uw Kodi 19 Matrix systeem schoon te houden</description>
	<disclaimer lang="en_GB">Deze addon bevat geen illegale content en maakt op geen enkele wijze deel uit van Kodi zelf.</disclaimer>
    <assets>
    <icon>icon.png</icon>
    <fanart>fanart.jpg</fanart>
    </assets>
  </extension>
</addon>