<?xml version="1.0" encoding="UTF-8" standalone="yes"?>
<addon 
	id="plugin.video.nlhardwareinfo" 
	name="[COLOR orange]Ghost[/COLOR] Hardware Info TV" 
	version="5.0.0"
	provider-name="Skipmode A1">
  <requires>
    <import addon="xbmc.python"                     version="3.0.0"/>
	<import addon="script.module.beautifulsoup4"    version="4.3.2"/>
    <import addon="script.module.requests"          version="2.4.3"/>
    <import addon="script.module.future"            version="0.0.1"/>
  	<import addon="script.module.html5lib"          version="0.999.0"/>
	<import addon="plugin.video.youtube" 		    version="5.1.7" />
  </requires>
	<extension point="xbmc.python.pluginsource" library="addon.py">
		<provides>video</provides>
	</extension>
  <extension point="xbmc.addon.metadata">
	<platform>all</platform>
    <summary lang="nl_NL">Hardware.Info TV is een webcast waarin de redactie van Hardware.Info de nieuwste hardware, gadgets en consumentenelektronica bespreekt.</summary>
    <description lang="nl_NL">Hardware.Info TV is een webcast waarin de redactie van Hardware.Info de nieuwste hardware, gadgets en consumentenelektronica bespreekt. Via deze plugin kun je de afleveringen van Hardware.Info TV eenvoudig in HD-kwaliteit via Kodi bekijken.</description>
    <disclaimer lang="nl_NL">Bugs of andere feedback op deze plugin kan geplaatst worden in de Hardware.Info thread op het Kodi forum.</disclaimer>
    <language>nl</language>
    <platform>all</platform>
	<license>GPL-2.0-or-later</license>
    <forum>http://forum.kodi.tv/showthread.php?tid=162123</forum>
    <website>http://nl.hardware.info/</website>
    <source>https://github.com/skipmodea1/plugin.video.nlhardwareinfo.python3</source>
    <assets>
      <icon>resources/icon.png</icon>
      <fanart>resources/fanart.jpg</fanart>
    </assets>
  </extension>
</addon>