<?xml version="1.0" encoding="UTF-8" standalone="yes"?>
<addon id="plugin.video.hanssettings" name="[COLOR orange]Ghost[/COLOR] Kanalenlijst Hans" provider-name="Bas Magré, The Ghost" version="1.0.0">
  <requires>
    <!--<import addon="xbmc.python" version="3.0.0"/>-->
    <import addon="script.common.plugin.cache" version="2.6.1"/>
  </requires>
  <extension library="addon.py" point="xbmc.python.pluginsource">
    <provides>audio video</provides>
  </extension>
  <extension point="xbmc.addon.metadata">
    <license>GNU GENERAL PUBLIC LICENSE. Version 3, June 2007</license>
    <language>nl</language>
    <platform>all</platform>
    <source>https://github.com/Opvolger/plugin.video.hanssettings/</source>
    <summary lang="nl_NL">Kanalenlijst Hans - Bekijk gratis streams van de Transponder</summary>
    <description lang="nl_NL">Kanalenlijst Hans (maar dan alleen de streams) - Bekijk gratis streams van de Transponder</description>
	<disclaimer lang="en_GB">Deze addon bevat geen illegale content en maakt op geen enkele wijze deel uit van Kodi zelf.</disclaimer>
  <assets>
		<icon>icon.png</icon>
		<fanart>fanart.png</fanart>
  </assets>
  </extension>
</addon>
