<?xml version="1.0" encoding="UTF-8" standalone="yes"?>
<addon id="plugin.video.ghostsources" name="[COLOR orange]Ghost[/COLOR] Sources" version="2.0.1" provider-name="The Ghost">
  <requires>
    <import addon="xbmc.python" version="3.0.0" />
    <import addon="script.module.requests" />
    <import addon="script.module.routing" version="0.2.0" />
  </requires>
  <extension point="xbmc.python.pluginsource" library="default.py">
    <provides>executable</provides>
  </extension>
  <extension point="xbmc.addon.metadata">
    <summary lang="en_GB">Kodis bedankt voor de code om repos toe te voegen vanuit het context menu. Alle repo hosts en addon ontwikkelaars ook hartelijk dank.</summary>
    <description lang="en_GB">Snel en simpel Kodi bronnen toevoegen aan bestandsbeheer. Geen enkele repo wordt gehost door deze addon. Alle bronnen zijn origineel en gemaakt door de addon ontwikkelaars zelf. The Ghost ontwikkeld en voorziet deze repos niet zelf van content.</description>
	<disclaimer lang="en_GB">Deze addon bevat geen content en maakt op geen enkele wijze deel uit van Kodi zelf.</disclaimer>
    <platform>all</platform>
    <license>GPL-2.0-or-later</license>
    <assets>
    <icon>icon.png</icon>
    <fanart>fanart.jpg</fanart>
  </assets>
  </extension>
</addon>
