<?xml version="1.0" encoding="UTF-8" standalone="yes"?>
<addon id="plugin.program.ghostwizard" name="[COLOR orange]Ghost[/COLOR] Wizard" version="1.0.0" provider-name="The Ghost">
	<requires>
		<import addon="xbmc.python" version="3.0.0"/>
	</requires>
	<extension point="xbmc.python.pluginsource" library="addon.py">
		<provides>executable</provides>
	</extension>
	<extension point="xbmc.service" library="service.py" />
	<extension point="xbmc.addon.metadata">
		<summary lang="en_GB">Ghost Wizard is een lichtgewicht template om builds te installeren op Kodi 19 Matrix.</summary>
		<description lang="en_GB">Ghost Wizard is een lichtgewicht template om builds te installeren op Kodi 19 Matrix</description>
	<disclaimer lang="en_GB">Deze addon bevat geen content en maakt op geen enkele wijze deel uit van Kodi zelf.</disclaimer>
		<platform>all</platform>
		<reuselanguageinvoker>false</reuselanguageinvoker>
		
		<forum></forum>
		<website></website> 
		<email></email>
		<source></source>
		<assets>
				<icon>resources/icon.png</icon>
				<fanart>resources/fanart.png</fanart>
				<banner></banner>
				<clearlogo></clearlogo>
				<screenshot></screenshot>
		</assets>
	</extension>
</addon>