{
	"builds": [
		{
			"name": "KODI 19 FERRARI (215MB)",
			"version": "1.5",
			"url": "https://dutchghost.com/builds/kodi19ferrari.zip",
			"icon": "https://dutchghost.com/builds/ferrari.png",
			"fanart": "http://",
			"description": "KODI 19 BUILD WITH MOST POPULAIR ADDONS IN XONFLUENCE SKIN. INSIDE KODI ALL SETTINGS ARE ALREADY OPTIMISED AND WE HAVE INSTALLED > SUBTITLE ADDON / CLEANER ADDON / WIZARD ADDON. JUST ACTIVATE YOUR RD/PREM/AD ACCOUNT"
		},
		{
			"name": "KODI 19 AMBER (150MB)",
			"version": "1.6",
			"url": "https://dutchghost.com/builds/kodi19amber.zip",
			"icon": "https://dutchghost.com/builds/amber.png",
			"fanart": "http://",
			"description": "KODI 19 BUILD WITH MOST POPULAIR ADDONS IN AMBER SKIN. INSIDE KODI ALL SETTINGS ARE ALREADY OPTIMISED AND WE HAVE INSTALLED > SUBTITLE ADDON / CLEANER ADDON / WIZARD ADDON. JUST ACTIVATE YOUR RD/PREM/AD ACCOUNT"
		},
		{
			"name": "KODI 19 FERRARI (215MB)",
			"version": "1.5",
			"url": "https://dutchghost.com/builds/kodi19ferrari.zip",
			"icon": "https://dutchghost.com/builds/ferrari.png",
			"fanart": "http://",
			"description": "KODI 19 BUILD WITH MOST POPULAIR ADDONS IN XONFLUENCE SKIN. INSIDE KODI ALL SETTINGS ARE ALREADY OPTIMISED AND WE HAVE INSTALLED > SUBTITLE ADDON / CLEANER ADDON / WIZARD ADDON. JUST ACTIVATE YOUR RD/PREM/AD ACCOUNT"
		},
		{
			"name": "KODI 19 CLEAN (32MB)",
			"version": "1.3",
			"url": "https://dutchghost.com/builds/kodi19clean.zip",
			"icon": "https://dutchghost.com/builds/kodiclean.png",
			"fanart": "http://",
			"description": "KODI 19 BUILD IN ESTUARY STANDAARD SKIN WITH THE STANDARD ADDONS. INSIDE KODI ALL SETTINGS ARE ALREADY OPTIMISED AND WE HAVE INSTALLED > SUBTITLE ADDON / CLEANER ADDON / WIZARD ADDON AND MANY MORE IMPORTANT DEPENDENCY AND SERVICE ADDONS"
		},
		{
			"name": "KODI 19 WASTELAND (100MB)",
			"version": "1.2",
			"url": "https://dutchghost.com/builds/kodi19wasteland.zip",
			"icon": "https://dutchghost.com/builds/wasteland.png",
			"fanart": "http://",
			"description": "KODI 19 BUILD ON AEON NOX SKIN. INSIDE KODI ALL SETTINGS ARE ALREADY OPTIMISED AND WE HAVE INSTALLED > SUBTITLE ADDON / CLEANER ADDON / WIZARD ADDON.  JUST ACTIVATE YOUR RD/PREM/AD ACCOUNT"
		}
	]
}